{
  "States": {
    "Andhra Pradesh": [
      "Anantapur",
      "Chittoor",
      "East Godavari",
      "Guntur",
      "Krishna",
      "Kurnool",
      "Prakasam",
      "SPSR Nellore",
      "Srikakulam",
      "Visakhapatnam",
      "Vizianagaram",
      "West Godavari",
      "YSR Kadapa"
    ],

    "Arunachal Pradesh": [
      "Anjaw",
      "Changlang",
      "Dibang Valley",
      "East Kameng",
      "East Siang",
      "Kurung Kumey",
      "Lohit",
      "Lower Dibang Valley",
      "Lower Subansiri",
      "Papum Pare",
      "Tawang",
      "Tirap",
      "Upper Siang",
      "Upper Subansiri",
      "West Kameng",
      "West Siang"
    ],

    "Assam": [
      "Baksa",
      "Barpeta",
      "Bongaigaon",
      "Cachar",
      "Chirang",
      "Darrang",
      "Dhemaji",
      "Dhubri",
      "Dibrugarh",
      "Goalpara",
      "Golaghat",
      "Hailakandi",
      "Jorhat",
      "Kamrup",
      "Karbi Anglong",
      "Karimganj",
      "Kokrajhar",
      "Lakhimpur",
      "Morigaon",
      "Nagaon",
      "Nalbari",
      "Sivasagar",
      "Sonitpur",
      "Tinsukia",
      "Udalguri"
    ],

    "Bihar": [
      "Araria",
      "Arwal",
      "Aurangabad",
      "Banka",
      "Begusarai",
      "Bhagalpur",
      "Bhojpur",
      "Buxar",
      "Darbhanga",
      "East Champaran",
      "Gaya",
      "Gopalganj",
      "Jamui",
      "Jehanabad",
      "Kaimur",
      "Katihar",
      "Khagaria",
      "Kishanganj",
      "Lakhisarai",
      "Madhepura",
      "Madhubani",
      "Munger",
      "Muzaffarpur",
      "Nalanda",
      "Nawada",
      "Patna",
      "Purnia",
      "Rohtas",
      "Saharsa",
      "Samastipur",
      "Saran",
      "Sheikhpura",
      "Sheohar",
      "Sitamarhi",
      "Siwan",
      "Supaul",
      "Vaishali",
      "West Champaran"
    ],

    "Goa": [
      "North Goa",
      "South Goa"
    ],

    "Haryana": [
      "Ambala",
      "Bhiwani",
      "Faridabad",
      "Fatehabad",
      "Gurugram",
      "Hisar",
      "Jhajjar",
      "Jind",
      "Kaithal",
      "Karnal",
      "Kurukshetra",
      "Mahendragarh",
      "Mewat",
      "Palwal",
      "Panchkula",
      "Panipat",
      "Rewari",
      "Rohtak",
      "Sirsa",
      "Sonipat",
      "Yamunanagar"
    ],

    "Himachal Pradesh": [
      "Bilaspur",
      "Chamba",
      "Hamirpur",
      "Kangra",
      "Kinnaur",
      "Kullu",
      "Lahaul and Spiti",
      "Mandi",
      "Shimla",
      "Sirmaur",
      "Solan",
      "Una"
    ],

    "Jharkhand": [
      "Bokaro",
      "Chatra",
      "Deoghar",
      "Dhanbad",
      "Dumka",
      "East Singhbhum",
      "Garhwa",
      "Giridih",
      "Godda",
      "Gumla",
      "Hazaribagh",
      "Jamtara",
      "Khunti",
      "Koderma",
      "Latehar",
      "Lohardaga",
      "Pakur",
      "Palamu",
      "Ramgarh",
      "Ranchi",
      "Sahebganj",
      "Saraikela",
      "Simdega",
      "West Singhbhum"
    ],

    "Karnataka": [
      "Bagalkot",
      "Ballari",
      "Belagavi",
      "Bengaluru",
      "Bidar",
      "Chamarajanagar",
      "Chikkamagaluru",
      "Chitradurga",
      "Dakshina Kannada",
      "Davanagere",
      "Dharwad",
      "Gadag",
      "Hassan",
      "Haveri",
      "Kalaburagi",
      "Kodagu",
      "Kolar",
      "Koppal",
      "Mandya",
      "Mysuru",
      "Raichur",
      "Ramanagara",
      "Shivamogga",
      "Tumakuru",
      "Udupi",
      "Uttara Kannada",
      "Vijayapura",
      "Yadgir"
    ],

    "Kerala": [
      "Alappuzha",
      "Ernakulam",
      "Idukki",
      "Kannur",
      "Kasaragod",
      "Kollam",
      "Kottayam",
      "Kozhikode",
      "Malappuram",
      "Palakkad",
      "Pathanamthitta",
      "Thiruvananthapuram",
      "Thrissur",
      "Wayanad"
    ],

    "Uttar Pradesh": [
      "Agra",
      "Aligarh",
      "Allahabad",
      "Azamgarh",
      "Bareilly",
      "Ghaziabad",
      "Gorakhpur",
      "Jhansi",
      "Kanpur",
      "Lucknow",
      "Meerut",
      "Moradabad",
      "Varanasi"
    ]
  },

  "Union_Territories": {
    "Andaman and Nicobar Islands": [
      "Nicobar",
      "North and Middle Andaman",
      "South Andaman"
    ],
    "Chandigarh": [
      "Chandigarh"
    ],
    "Delhi": [
      "New Delhi"
    ],
    "Jammu and Kashmir": [
      "Jammu",
      "Srinagar"
    ],
    "Ladakh": [
      "Leh"
    ],
    "Lakshadweep": [
      "Lakshadweep"
    ],
    "Puducherry": [
      "Puducherry"
    ]
  }
}
